Video Name,Start Time,End Time,Duration (s),Status
1183863433601171.mp4,2026-02-25 19:26:47,2026-02-25 19:26:48,1.24,Success
944747777992699.mp4,2026-02-25 19:26:52,2026-02-25 19:26:53,0.82,Success
1972334333703946.mp4,2026-02-25 19:26:56,2026-02-25 19:26:57,0.63,Success
4309875432630530.mp4,2026-02-25 19:27:01,2026-02-25 19:27:01,0.62,Success
1243024627286903.mp4,2026-02-25 19:27:17,2026-02-25 19:27:21,4.26,Success
1256596656569454.mp4,2026-02-25 19:27:25,2026-02-25 19:27:25,0.57,Success
901501506133405.mp4,2026-02-25 19:27:32,2026-02-25 19:27:32,0.9,Success
1242329774549197.mp4,2026-02-25 19:27:37,2026-02-25 19:27:38,0.83,Success
1271385091550355.mp4,2026-02-25 19:27:45,2026-02-25 19:27:46,0.6,Success
4385101588477242.mp4,2026-02-25 19:27:49,2026-02-25 19:27:50,0.63,Success
